test,energy_j,wall_s,n_raw
AdvancedUtils,114.634,6.674559,1
AngleStyle_amoeba,644.679,17.2075,1
AngleStyle_charmm,716.851,18.800195,1
AngleStyle_class2,634.021,17.196218,1
AngleStyle_class2_p6,645.87,17.384305,1
AngleStyle_cosine,545.369,15.346152,1
AngleStyle_cosine_delta,848.98,21.535509,1
AngleStyle_cosine_periodic,785.785,19.994868,1
AngleStyle_cosine_shift,798.367,20.773937,1
AngleStyle_cosine_shift_exp,796.722,20.203898,1
AngleStyle_cosine_squared,919.496,22.607994,1
AngleStyle_cosine_squared_restricted,732.311,18.9848,1
AngleStyle_cross,708.608,20.930697,1
AngleStyle_dipole,813.413,20.524398,1
AngleStyle_fourier,713.018,18.782901,1
AngleStyle_fourier_simple,825.853,20.89122,1
AngleStyle_gaussian,754.586,21.170622,1
AngleStyle_harmonic,873.249,24.979491,1
AngleStyle_hybrid,528.282,15.044131,1
AngleStyle_lepton,1056.774,25.191643,1
AngleStyle_lepton_nooffset,1099.719,25.975707,1
AngleStyle_mm3,907.1,22.513987,1
AngleStyle_mwlc,598.632,16.671733,1
AngleStyle_quartic,737.777,19.052703,1
AngleStyle_spica,756.761,19.906944,1
AngleStyle_table_linear,909.331,22.586363,1
AngleStyle_table_spline,632.352,17.047551,1
AngleStyle_zero,801.951,20.310313,1
ArgUtils,45.721,5.870886,1
AtomStyles,225.637,9.581422,1
AtomicPairStyle_adp,309.179,10.640167,1
AtomicPairStyle_atm,173.164,7.971036,1
AtomicPairStyle_beck,126.178,6.910291,1
AtomicPairStyle_born,126.265,6.897971,1
AtomicPairStyle_born_gauss,120.398,6.830444,1
AtomicPairStyle_buck_coul_cut_qeq_point,133.026,7.074875,1
AtomicPairStyle_buck_coul_cut_qeq_shielded,126.137,6.964523,1
AtomicPairStyle_colloid,114.504,6.699358,1
AtomicPairStyle_colloid_multi,109.419,6.708865,1
AtomicPairStyle_colloid_multi_tri,115.199,6.735326,1
AtomicPairStyle_colloid_tiled,115.302,6.810245,1
AtomicPairStyle_colloid_tiled_tri,119.859,6.791936,1
AtomicPairStyle_eam,125.934,6.97822,1
AtomicPairStyle_eam_alloy,127.004,6.993062,1
AtomicPairStyle_eam_alloy_real,126.363,6.934429,1
AtomicPairStyle_eam_cd,128.381,7.386031,1
AtomicPairStyle_eam_cd_old,137.186,7.085151,1
AtomicPairStyle_eam_cd_real,128.114,7.395105,1
AtomicPairStyle_eam_fs,272.603,9.958972,1
AtomicPairStyle_eam_fs_real,226.621,9.217831,1
AtomicPairStyle_eam_he,127.04,7.317206,1
AtomicPairStyle_eam_he_real,138.599,7.62916,1
AtomicPairStyle_eam_real,120.55,6.868086,1
AtomicPairStyle_edip,127.891,7.394739,1
AtomicPairStyle_eim,125.823,6.93059,1
AtomicPairStyle_gauss,114.459,6.730093,1
AtomicPairStyle_hybrid-eam,120.014,6.840731,1
AtomicPairStyle_hybrid-eam_fs,233.967,9.377589,1
AtomicPairStyle_kim_lj,109.137,6.703218,1
AtomicPairStyle_lepton_sphere,139.6,7.557848,1
AtomicPairStyle_lj_cut_sphere,114.57,6.779398,1
AtomicPairStyle_lj_expand_sphere,114.68,6.738808,1
AtomicPairStyle_lj_relres,115.058,6.825098,1
AtomicPairStyle_meam,174.658,8.256375,1
AtomicPairStyle_meam_2nn,320.372,10.903689,1
AtomicPairStyle_meam_ms,126.586,6.976002,1
AtomicPairStyle_meam_sc,120.831,6.895336,1
AtomicPairStyle_meam_spline,132.098,7.379368,1
AtomicPairStyle_meam_sw_spline,121.402,7.001698,1
AtomicPairStyle_momb,119.637,6.768013,1
AtomicPairStyle_pedone,123.267,6.944462,1
AtomicPairStyle_polymorphic_eam,122.176,7.341948,1
AtomicPairStyle_reaxff,694.025,18.302834,1
AtomicPairStyle_reaxff-acks2,350.223,11.577354,1
AtomicPairStyle_reaxff-acks2_efield,136.748,7.132071,1
AtomicPairStyle_reaxff-qtpie,630.564,16.770411,1
AtomicPairStyle_reaxff_lgvdw,798.99,19.935945,1
AtomicPairStyle_reaxff_noqeq,629.048,16.655917,1
AtomicPairStyle_reaxff_tabulate,812.973,20.444231,1
AtomicPairStyle_reaxff_tabulate_flag,702.667,18.313694,1
AtomicPairStyle_smatb,510.109,10.915668,1
AtomicPairStyle_smatb_same,703.162,13.115975,1
AtomicPairStyle_smatb_single,824.677,12.832945,1
AtomicPairStyle_sw_angle_table,905.009,13.601073,1
AtomicPairStyle_table_bitmap,977.475,15.835813,1
AtomicPairStyle_table_linear,1077.279,16.140828,1
AtomicPairStyle_table_lookup,969.231,14.730502,1
AtomicPairStyle_table_spline,815.927,13.619367,1
AtomicPairStyle_threebody_table,908.001,15.160527,1
AtomicPairStyle_yukawa_colloid,2333.612,29.083042,1
BondStyle_class2,1028.47,14.213123,1
BondStyle_fene,991.114,14.590903,1
BondStyle_fene_expand,872.526,14.042558,1
BondStyle_fene_nm,760.017,13.004799,1
BondStyle_gaussian,1383.639,19.603596,1
BondStyle_gromos,1443.808,22.037029,1
BondStyle_harmonic,2457.526,29.574857,1
BondStyle_harmonic_restrain,297.607,10.841561,1
BondStyle_harmonic_shift,532.151,15.18648,1
BondStyle_harmonic_shift_cut,549.907,15.363077,1
BondStyle_hybrid,504.805,14.892403,1
BondStyle_lepton,571.782,16.060344,1
BondStyle_lepton_nooffset,714.001,18.896842,1
BondStyle_mm3,505.921,18.047608,1
BondStyle_morse,443.068,13.717637,1
BondStyle_nonlinear,701.097,18.706052,1
BondStyle_quartic,813.213,20.461571,1
BondStyle_table_linear,945.89,23.913059,1
BondStyle_table_spline,214.274,9.005721,1
BondStyle_zero,785.663,20.067103,1
ComputeChunk,124.447,6.87059,1
ComputeGlobal,120.291,6.822027,1
DeleteAtoms,108.522,6.630892,1
DihedralStyle_charmm,125.923,6.936426,1
DihedralStyle_charmmfsw,124.072,6.892193,1
DihedralStyle_class2,128.625,6.970313,1
DihedralStyle_cosine_shift_exp,133.88,7.117856,1
DihedralStyle_cosine_squared_restricted,121.041,6.883703,1
DihedralStyle_fourier,134.932,7.083236,1
DihedralStyle_harmonic,122.363,6.907514,1
DihedralStyle_helix,126.455,6.935326,1
DihedralStyle_hybrid,138.01,7.152625,1
DihedralStyle_lepton,331.25,11.049547,1
DihedralStyle_multi_harmonic,124.194,6.883433,1
DihedralStyle_nharmonic,126.058,6.938195,1
DihedralStyle_opls,122.391,6.920399,1
DihedralStyle_quadratic,123.811,6.906811,1
DihedralStyle_spherical,117.741,6.850462,1
DihedralStyle_table_cut_linear,132.408,7.079101,1
DihedralStyle_table_cut_spline,134.218,7.093625,1
DihedralStyle_table_linear,131.355,7.407335,1
DihedralStyle_table_spline,151.048,7.664401,1
DihedralStyle_zero,114.236,6.779594,1
DumpAtom,139.293,7.516579,1
DumpAtomGZ,131.791,7.02712,1
DumpAtomZstd,137.633,7.091654,1
DumpCfg,114.193,6.690145,1
DumpCfgGZ,123.205,6.856784,1
DumpCfgZstd,122.899,6.874574,1
DumpCustom,120.242,6.82312,1
DumpCustomGZ,123.529,6.909898,1
DumpCustomZstd,129.626,6.960812,1
DumpLocal,114.333,6.78025,1
DumpLocalGZ,123.283,6.87656,1
DumpLocalZstd,123.92,6.8848,1
DumpXYZGZ,115.002,6.766036,1
DumpXYZZstd,114.556,6.763559,1
EIMPotentialFileReader,112.901,6.735106,1
ErrorClass,111.404,6.698254,1
ErrorStats,34.71,5.679047,1
FFT3D,202.768,8.996137,1
FFT3D_MPI_2proc,235.448,9.485231,1
FFT3D_MPI_4proc,384.717,13.224492,1
FileOperations,117.066,6.773737,1
FixTimestep_adapt_coul,122.816,6.884437,1
FixTimestep_adapt_hybrid,114.219,6.72832,1
FixTimestep_adapt_pair,118.005,6.805334,1
FixTimestep_addforce_const,115.202,6.74541,1
FixTimestep_addforce_variable,114.216,6.754453,1
FixTimestep_addtorque_const,114.771,6.794744,1
FixTimestep_addtorque_variable,126.782,6.940505,1
FixTimestep_aveforce_const,114.136,6.733951,1
FixTimestep_aveforce_variable,120.189,6.847278,1
FixTimestep_brownian,114.657,6.718533,1
FixTimestep_deform,119.733,6.813501,1
FixTimestep_deform_noremap,116.514,6.774309,1
FixTimestep_deform_tri,114.542,6.752767,1
FixTimestep_drag,115.098,6.73508,1
FixTimestep_efield_const,114.427,6.811063,1
FixTimestep_efield_dipole_const,113.995,6.755125,1
FixTimestep_efield_dipole_variable,108.694,6.64923,1
FixTimestep_efield_lepton,116.938,7.209607,1
FixTimestep_efield_lepton_region,125.902,7.338488,1
FixTimestep_efield_region_block,114.692,6.76627,1
FixTimestep_efield_region_sphere,114.357,6.757701,1
FixTimestep_efield_tip4p_const,115.146,6.796058,1
FixTimestep_efield_tip4p_variable,108.687,6.65489,1
FixTimestep_efield_variable,120.699,6.817428,1
FixTimestep_gravity,123.045,6.910967,1
FixTimestep_heat,123.051,6.970781,1
FixTimestep_heat_region,114.373,6.75635,1
FixTimestep_lineforce,118.305,6.802698,1
FixTimestep_momentum,120.116,6.811493,1
FixTimestep_momentum_chunk,117.796,6.846606,1
FixTimestep_move_linear,118.524,6.838667,1
FixTimestep_move_rotate,119.909,6.85352,1
FixTimestep_move_transrot,119.995,6.817483,1
FixTimestep_move_variable,115.984,6.84499,1
FixTimestep_move_wiggle,115.976,6.826824,1
FixTimestep_nph,122.238,6.901627,1
FixTimestep_nph_sphere,117.477,6.80745,1
FixTimestep_npt_aniso,127.299,6.926913,1
FixTimestep_npt_iso,126.917,6.963533,1
FixTimestep_npt_sphere_aniso,115.793,6.854597,1
FixTimestep_npt_sphere_iso,115.159,6.749645,1
FixTimestep_npt_sphere_tri,122.118,6.914119,1
FixTimestep_npt_tri,127.398,7.016733,1
FixTimestep_nve,123.016,6.87872,1
FixTimestep_nve_limit,111.707,6.744582,1
FixTimestep_nve_noforce,115.124,6.793873,1
FixTimestep_nve_sphere,120.666,6.847019,1
FixTimestep_nve_sphere_dipole,120.71,6.900284,1
FixTimestep_nve_sphere_dipole_dlm,120.456,6.888367,1
FixTimestep_nvt,127.382,6.953852,1
FixTimestep_nvt-psllod,120.156,6.822285,1
FixTimestep_nvt-sllod,120.646,6.944979,1
FixTimestep_nvt_drag,126.874,6.929671,1
FixTimestep_nvt_mtk,121.036,6.804874,1
FixTimestep_nvt_sphere,118.241,6.810839,1
FixTimestep_oneway,117.273,6.80363,1
FixTimestep_planeforce,115.18,6.817775,1
FixTimestep_press_berendsen_iso,118.691,6.804336,1
FixTimestep_python_move_nve,121.162,6.921527,1
FixTimestep_rattle_angle,112.485,6.716794,1
FixTimestep_rattle_bond,112.423,6.766751,1
FixTimestep_recenter-coords,122.39,6.905952,1
FixTimestep_recenter-init,115.44,6.735893,1
FixTimestep_recenter-null,127.152,6.998698,1
FixTimestep_restrain,116.077,6.819694,1
FixTimestep_rigid_group,115.625,6.778589,1
FixTimestep_rigid_molecule,121.263,7.029065,1
FixTimestep_rigid_molecule_tri,121.41,6.94467,1
FixTimestep_rigid_nph,120.742,6.829531,1
FixTimestep_rigid_nph_small,115.888,6.772291,1
FixTimestep_rigid_npt,127.114,7.100749,1
FixTimestep_rigid_npt_small,117.363,6.795844,1
FixTimestep_rigid_nve_group,119.765,6.74692,1
FixTimestep_rigid_nve_molecule,116.748,6.806339,1
FixTimestep_rigid_nve_single,138.191,7.160208,1
FixTimestep_rigid_nve_small,111.085,6.696674,1
FixTimestep_rigid_nvt,117.511,6.827062,1
FixTimestep_rigid_nvt_small,118.057,6.817864,1
FixTimestep_rigid_single,127.399,6.99359,1
FixTimestep_rigid_small,129.671,7.041419,1
FixTimestep_setforce_const,126.007,6.950941,1
FixTimestep_setforce_region_block,126.449,6.961773,1
FixTimestep_setforce_region_sphere,115.247,6.82456,1
FixTimestep_setforce_variable,126.168,6.97231,1
FixTimestep_shake_angle,120.713,6.965975,1
FixTimestep_shake_bond,123.383,6.933802,1
FixTimestep_smd_couple,118.697,6.811695,1
FixTimestep_smd_tether,120.02,6.823769,1
FixTimestep_spring_chunk,120.363,6.849007,1
FixTimestep_spring_couple,119.56,6.853415,1
FixTimestep_spring_rg,117.667,6.831323,1
FixTimestep_spring_self,117.364,6.858181,1
FixTimestep_spring_self_atom,125.956,6.951564,1
FixTimestep_spring_self_equal,116.946,6.773821,1
FixTimestep_spring_tether,126.525,6.945232,1
FixTimestep_temp_berendsen,123.088,6.908491,1
FixTimestep_temp_csld,118.361,6.791908,1
FixTimestep_temp_csvr,128.991,7.046694,1
FixTimestep_temp_rescale,117.243,6.785292,1
FixTimestep_wall_harmonic_const,116.944,6.843211,1
FixTimestep_wall_lepton_const,125.946,6.947462,1
FixTimestep_wall_lj1043_const,118.604,6.809785,1
FixTimestep_wall_lj126_const,117.089,6.802303,1
FixTimestep_wall_lj93_const,114.917,6.809169,1
FixTimestep_wall_morse_const,118.803,6.797733,1
FixTimestep_wall_reflect,129.698,6.986343,1
FixTimestep_wall_region_harmonic,129.471,7.029937,1
FixTimestep_wall_region_lj1043,119.605,6.848198,1
FixTimestep_wall_region_lj126,121.15,6.857112,1
FixTimestep_wall_region_lj93,117.113,6.830663,1
FixTimestep_wall_region_morse,117.27,6.82286,1
FixTimestep_wall_region_sphere,114.442,6.771151,1
FixTimestep_wall_table_linear,120.256,6.905653,1
FixTimestep_wall_table_spline,120.677,6.785406,1
FmtLib,43.198,5.960618,1
Groups,119.834,6.832403,1
ImageFlags,201.728,9.591003,1
ImproperStyle_class2,120.627,6.912151,1
ImproperStyle_cossq,123.129,6.914001,1
ImproperStyle_cvff,125.961,6.949501,1
ImproperStyle_distance,123.617,6.998859,1
ImproperStyle_distharm,127.33,6.980638,1
ImproperStyle_fourier,123.48,6.936962,1
ImproperStyle_harmonic,129.364,7.039531,1
ImproperStyle_hybrid,126.225,6.933484,1
ImproperStyle_inversion_harmonic,123.124,6.897856,1
ImproperStyle_ring,126.031,7.011328,1
ImproperStyle_sqdistharm,124.25,6.84875,1
ImproperStyle_umbrella,129.709,7.050769,1
ImproperStyle_zero,119.76,6.800271,1
InputClass,109.81,6.660817,1
InputConvert,215.858,9.39995,1
InvalidFlag,374.818,9.1681,1
JSON,34.319,5.732392,1
KSpaceStyle_ewald,981.564,23.801848,1
KSpaceStyle_ewald_conp_charge,743.074,19.161594,1
KSpaceStyle_ewald_dipole,919.14,22.703916,1
KSpaceStyle_ewald_disp,807.344,20.404361,1
KSpaceStyle_ewald_disp_dipole,847.538,21.205505,1
KSpaceStyle_ewald_electrode_slab,841.864,21.030737,1
KSpaceStyle_ewald_nozforce,797.328,20.510091,1
KSpaceStyle_ewald_slab,673.626,18.064503,1
KSpaceStyle_ewald_tilted,941.083,23.024244,1
KSpaceStyle_ewald_tri,784.483,20.033434,1
KSpaceStyle_msm,1081.972,25.822726,1
KSpaceStyle_msm_cg,1260.828,29.124449,1
KSpaceStyle_msm_dielectric,793.752,20.157846,1
KSpaceStyle_msm_nopbc,931.301,22.961171,1
KSpaceStyle_pppm,683.911,18.178351,1
KSpaceStyle_pppm_ad,965.204,23.626737,1
KSpaceStyle_pppm_cg,131.545,7.027049,1
KSpaceStyle_pppm_cg_ad,134.54,7.433246,1
KSpaceStyle_pppm_cg_tiled,138.329,7.133953,1
KSpaceStyle_pppm_conp_charge,367.069,11.710464,1
KSpaceStyle_pppm_dielectric,126.324,6.88468,1
KSpaceStyle_pppm_dipole,718.307,18.520204,1
KSpaceStyle_pppm_disp,397.017,12.396039,1
KSpaceStyle_pppm_disp_ad,594.864,16.015587,1
KSpaceStyle_pppm_disp_ad_only,134.466,7.09194,1
KSpaceStyle_pppm_disp_dielectric,280.642,10.258611,1
KSpaceStyle_pppm_disp_only,121.708,7.159998,1
KSpaceStyle_pppm_disp_tip4p,384.277,12.047135,1
KSpaceStyle_pppm_electrode_slab,121.949,7.274025,1
KSpaceStyle_pppm_nozforce,137.165,7.121952,1
KSpaceStyle_pppm_slab,122.572,7.298854,1
KSpaceStyle_pppm_stagger,280.043,10.049671,1
KSpaceStyle_pppm_stagger_tiled,319.62,10.82542,1
KSpaceStyle_pppm_tiled,137.195,7.068743,1
KSpaceStyle_pppm_tilted,124.927,7.594198,1
KSpaceStyle_pppm_tip4p,136.504,7.059035,1
KSpaceStyle_pppm_tip4p_ad,135.407,7.471824,1
KSpaceStyle_pppm_tip4p_nozforce,136.652,7.060625,1
KSpaceStyle_pppm_tip4p_slab,121.294,7.202071,1
KSpaceStyle_pppm_tri,137.422,7.167358,1
KSpaceStyle_scafacos_direct,108.667,6.658902,1
KSpaceStyle_scafacos_ewald,108.692,6.6322,1
KSpaceStyle_scafacos_fmm,114.32,6.699258,1
KSpaceStyle_scafacos_fmm_tuned,108.885,6.751004,1
KSpaceStyle_scafacos_p2nfft,108.455,6.696661,1
KimCommands,111.333,6.739826,1
Labelmap,109.01,6.660411,1
LammpsClass,108.448,6.651767,1
LatticeRegion,124.429,6.88758,1
Lepton,136.725,7.635429,1
LibraryCommands,111.191,6.67223,1
LibraryConfig,115.139,6.735037,1
LibraryExternal,111.725,6.707666,1
LibraryMPI,126.714,6.947846,1
LibraryObjects,108.549,6.626233,1
LibraryOpen,115.139,6.739681,1
LibraryProperties,123.777,7.255811,1
LibraryScatterGather,120.25,6.830274,1
LmpType,34.261,5.685871,1
MPILoadBalancing,125.302,6.903684,1
ManybodyPairStyle_airebo,3918.094,43.230611,1
ManybodyPairStyle_airebo_00,1321.432,21.8301,1
ManybodyPairStyle_airebo_m,2097.559,28.021258,1
ManybodyPairStyle_airebo_m00,1640.94,21.174435,1
ManybodyPairStyle_bop,2650.794,31.83524,1
ManybodyPairStyle_bop_save,568.56,11.103796,1
ManybodyPairStyle_comb,1034.886,15.325248,1
ManybodyPairStyle_comb3,1004.566,15.383507,1
ManybodyPairStyle_dispersion_d3,631.093,11.906051,1
ManybodyPairStyle_drip,1130.399,16.418021,1
ManybodyPairStyle_drip_real,1412.236,17.586435,1
ManybodyPairStyle_edip_multi,794.415,12.98224,1
ManybodyPairStyle_extep,818.055,12.725821,1
ManybodyPairStyle_gw,685.468,11.390746,1
ManybodyPairStyle_gw_zbl,831.172,12.802641,1
ManybodyPairStyle_ilp-graphene-hbn,1025.16,15.999289,1
ManybodyPairStyle_ilp-graphene-hbn_notaper,1672.23,21.232552,1
ManybodyPairStyle_kolmogorov_crespi_full,1224.929,16.902365,1
ManybodyPairStyle_kolmogorov_crespi_full_notaper,1386.275,19.185462,1
ManybodyPairStyle_kolmogorov_crespi_z,682.715,12.933868,1
ManybodyPairStyle_lcbop,744.382,13.384648,1
ManybodyPairStyle_lebedeva_z,562.445,10.788983,1
ManybodyPairStyle_meam,656.791,11.586474,1
ManybodyPairStyle_meam_2nn,1139.332,16.430633,1
ManybodyPairStyle_mliap_nn,584.865,10.594016,1
ManybodyPairStyle_mliap_snap_chem,1029.184,14.452313,1
ManybodyPairStyle_mliap_snap_linear,668.958,11.20867,1
ManybodyPairStyle_mliap_snap_quadratic,932.557,13.417026,1
ManybodyPairStyle_mliap_so3,1012.215,14.678816,1
ManybodyPairStyle_nb3b_harmonic,701.071,11.971099,1
ManybodyPairStyle_pace_product,1336.578,17.16588,1
ManybodyPairStyle_pace_recursive,1212.305,17.461878,1
ManybodyPairStyle_pod,584.281,11.549812,1
ManybodyPairStyle_polymorphic_sw,735.737,12.420308,1
ManybodyPairStyle_polymorphic_tersoff,820.3,13.572735,1
ManybodyPairStyle_quip-sw,583.657,10.818657,1
ManybodyPairStyle_rann,1116.765,15.466805,1
ManybodyPairStyle_rebo,972.561,14.929822,1
ManybodyPairStyle_rebomos,1001.348,15.277052,1
ManybodyPairStyle_snap,766.083,12.593494,1
ManybodyPairStyle_snap_chem,1122.948,15.420004,1
ManybodyPairStyle_sw,816.474,13.55094,1
ManybodyPairStyle_sw-mod-maxdelcs,913.569,13.802177,1
ManybodyPairStyle_sw-mod-multi,796.587,13.588042,1
ManybodyPairStyle_sw-multi,685.897,12.690728,1
ManybodyPairStyle_sw_twobody,770.226,12.464338,1
ManybodyPairStyle_sw_twothree,574.423,10.366404,1
ManybodyPairStyle_tersoff,622.135,11.665068,1
ManybodyPairStyle_tersoff_mod,605.058,11.841384,1
ManybodyPairStyle_tersoff_mod_c,717.868,12.596062,1
ManybodyPairStyle_tersoff_mod_c_shift,743.006,12.697546,1
ManybodyPairStyle_tersoff_mod_shift,659.008,12.215736,1
ManybodyPairStyle_tersoff_shift,648.859,11.643039,1
ManybodyPairStyle_tersoff_table,867.785,12.937057,1
ManybodyPairStyle_tersoff_zbl,820.377,12.563899,1
ManybodyPairStyle_tersoff_zbl_shift,855.842,12.962603,1
ManybodyPairStyle_uf3,697.076,12.584881,1
ManybodyPairStyle_vashishta,711.751,11.733494,1
ManybodyPairStyle_vashishta_table,679.276,12.314541,1
MathEigen,34.278,5.710427,1
MemPool,45.904,6.089991,1
MolPairStyle_beck,123.969,6.964823,1
MolPairStyle_born,129.532,7.01301,1
MolPairStyle_born_coul_dsf,121.094,6.865253,1
MolPairStyle_born_coul_dsf_cs,125.986,6.96212,1
MolPairStyle_born_coul_long,125.902,6.947813,1
MolPairStyle_born_coul_long_cs,120.571,6.848809,1
MolPairStyle_born_coul_msm,135.99,7.448464,1
MolPairStyle_born_coul_msm_table,172.848,8.017444,1
MolPairStyle_born_coul_table_cs,125.767,6.928437,1
MolPairStyle_born_coul_wolf,126.643,6.927691,1
MolPairStyle_born_coul_wolf_cs,132.126,7.024992,1
MolPairStyle_buck,128.588,6.97683,1
MolPairStyle_buck_coul_cut,130.181,6.99198,1
MolPairStyle_buck_coul_long,128.402,7.006173,1
MolPairStyle_buck_coul_long_cs,123.532,6.858114,1
MolPairStyle_buck_coul_msm,128.849,7.346661,1
MolPairStyle_buck_coul_msm_table,155.918,7.727464,1
MolPairStyle_buck_coul_table,119.173,7.232513,1
MolPairStyle_buck_coul_table_cs,131.812,7.031536,1
MolPairStyle_buck_long_coul_long,119.542,7.262709,1
MolPairStyle_buck_long_coul_off,128.197,7.007916,1
MolPairStyle_buck_long_cut_coul_long,131.551,7.057762,1
MolPairStyle_buck_mdf,125.498,6.938537,1
MolPairStyle_buck_table_coul_long,119.191,7.200245,1
MolPairStyle_buck_table_coul_off,125.861,7.337362,1
MolPairStyle_buck_table_coul_table,152.249,7.685161,1
MolPairStyle_cosine_squared,126.89,6.936755,1
MolPairStyle_coul_ctip,125.594,6.899287,1
MolPairStyle_coul_cut,126.358,6.977996,1
MolPairStyle_coul_cut_dielectric,123.574,6.905652,1
MolPairStyle_coul_cut_global,128.724,7.020811,1
MolPairStyle_coul_cut_soft,132.722,7.031372,1
MolPairStyle_coul_debye,128.509,6.989337,1
MolPairStyle_coul_diel,125.719,6.924337,1
MolPairStyle_coul_dsf,129.245,7.063427,1
MolPairStyle_coul_exclude,119.426,6.77273,1
MolPairStyle_coul_long,123.21,6.911495,1
MolPairStyle_coul_long_cs,123.831,6.887931,1
MolPairStyle_coul_long_dielectric,121.375,6.878628,1
MolPairStyle_coul_long_soft,128.852,7.058251,1
MolPairStyle_coul_msm,133.405,7.412094,1
MolPairStyle_coul_msm_table,169.716,8.006526,1
MolPairStyle_coul_shield,120.681,6.89642,1
MolPairStyle_coul_slater_cut,120.193,6.815723,1
MolPairStyle_coul_slater_long,122.526,6.899005,1
MolPairStyle_coul_streitz_long,123.362,6.938312,1
MolPairStyle_coul_streitz_wolf,121.026,6.897465,1
MolPairStyle_coul_table,134.697,7.121539,1
MolPairStyle_coul_table_cs,127.965,6.944254,1
MolPairStyle_coul_table_dielectric,126.127,6.978086,1
MolPairStyle_coul_wolf,123.588,6.893368,1
MolPairStyle_coul_wolf_cs,125.865,6.914648,1
MolPairStyle_dpd,129.109,7.005246,1
MolPairStyle_dpd_coul_slater_long,116.683,6.760526,1
MolPairStyle_dpd_ext,126.837,7.014729,1
MolPairStyle_dpd_ext_tstat,123.421,6.883903,1
MolPairStyle_dpd_tstat,117.506,6.787988,1
MolPairStyle_e3b,120.428,6.917075,1
MolPairStyle_gauss,131.433,7.01019,1
MolPairStyle_gauss_cut,125.523,6.932992,1
MolPairStyle_harmonic_cut,126.269,6.964998,1
MolPairStyle_hbond_dreiding_lj,125.786,7.001591,1
MolPairStyle_hbond_dreiding_lj_angleoffset,125.725,6.94403,1
MolPairStyle_hbond_dreiding_morse,123.274,6.914822,1
MolPairStyle_hbond_dreiding_morse_angleoffset,122.385,6.885862,1
MolPairStyle_hybrid,134.25,7.115087,1
MolPairStyle_hybrid-overlay,131.496,7.000301,1
MolPairStyle_hybrid-scaled,120.012,6.864256,1
MolPairStyle_hybrid_molecular,131.306,6.9751,1
MolPairStyle_hybrid_molecular_lj_morse,126.428,6.915107,1
MolPairStyle_hybrid_multiple,137.269,7.14759,1
MolPairStyle_lennard_mdf,120.79,6.8923,1
MolPairStyle_lepton,302.319,10.624662,1
MolPairStyle_lepton_coul,328.473,11.186555,1
MolPairStyle_lepton_coul_long,123.008,7.227447,1
MolPairStyle_lepton_zbl,171.269,7.96692,1
MolPairStyle_lj96_cut,123.305,6.929583,1
MolPairStyle_lj_charmm_coul_charmm,123.519,6.880913,1
MolPairStyle_lj_charmm_coul_charmm_implicit,125.447,6.920071,1
MolPairStyle_lj_charmm_coul_long,132.142,7.067312,1
MolPairStyle_lj_charmm_coul_long_soft,131.508,7.05307,1
MolPairStyle_lj_charmm_coul_msm,149.65,7.727883,1
MolPairStyle_lj_charmm_coul_msm_table,151.741,7.690831,1
MolPairStyle_lj_charmm_coul_table,123.549,7.262028,1
MolPairStyle_lj_charmmfsw_coul_charmmfsw,126.332,6.978485,1
MolPairStyle_lj_charmmfsw_coul_long,125.472,6.94675,1
MolPairStyle_lj_charmmfsw_coul_table,136.62,7.159706,1
MolPairStyle_lj_class2,131.547,7.043328,1
MolPairStyle_lj_class2_coul_cut,125.626,6.926058,1
MolPairStyle_lj_class2_coul_cut_soft,125.554,6.940879,1
MolPairStyle_lj_class2_coul_long,129.402,6.957589,1
MolPairStyle_lj_class2_coul_long_cs,121.348,6.899903,1
MolPairStyle_lj_class2_coul_long_soft,123.579,6.907634,1
MolPairStyle_lj_class2_coul_table,122.348,7.232054,1
MolPairStyle_lj_class2_coul_table_cs,131.56,7.059634,1
MolPairStyle_lj_class2_soft,125.425,6.914835,1
MolPairStyle_lj_cubic,123.622,6.934777,1
MolPairStyle_lj_cut,131.892,7.052759,1
MolPairStyle_lj_cut_coul_cut,126.171,6.957747,1
MolPairStyle_lj_cut_coul_cut_dielectric,126.12,6.959314,1
MolPairStyle_lj_cut_coul_cut_soft,126.031,6.981754,1
MolPairStyle_lj_cut_coul_debye,131.311,7.008714,1
MolPairStyle_lj_cut_coul_debye_dielectric,125.98,6.9146,1
MolPairStyle_lj_cut_coul_dsf,120.624,6.877287,1
MolPairStyle_lj_cut_coul_long,133.928,7.058953,1
MolPairStyle_lj_cut_coul_long_cs,120.486,6.834512,1
MolPairStyle_lj_cut_coul_long_dielectric,125.716,6.920923,1
MolPairStyle_lj_cut_coul_long_soft,128.462,7.065013,1
MolPairStyle_lj_cut_coul_msm,150.423,7.693945,1
MolPairStyle_lj_cut_coul_msm_dielectric,122.562,7.184851,1
MolPairStyle_lj_cut_coul_msm_table,178.392,8.085516,1
MolPairStyle_lj_cut_coul_table,123.013,7.285164,1
MolPairStyle_lj_cut_coul_table_cs,128.482,6.998254,1
MolPairStyle_lj_cut_coul_table_dielectric,136.826,7.139068,1
MolPairStyle_lj_cut_coul_wolf,131.069,7.036106,1
MolPairStyle_lj_cut_dipole_cut,131.572,7.013538,1
MolPairStyle_lj_cut_dipole_long,125.912,6.960034,1
MolPairStyle_lj_cut_soft,126.115,6.965974,1
MolPairStyle_lj_cut_tip4p_cut,127.444,6.994033,1
MolPairStyle_lj_cut_tip4p_long,133.003,7.084769,1
MolPairStyle_lj_cut_tip4p_long_soft,136.096,7.069157,1
MolPairStyle_lj_cut_tip4p_table,124.152,7.299774,1
MolPairStyle_lj_expand,125.692,6.950192,1
MolPairStyle_lj_expand_coul_long,126.161,6.994123,1
MolPairStyle_lj_expand_coul_table,136.85,7.075281,1
MolPairStyle_lj_gromacs,132.412,7.015702,1
MolPairStyle_lj_gromacs_coul_gromacs,133.36,7.102691,1
MolPairStyle_lj_long_coul_long,134.597,7.019508,1
MolPairStyle_lj_long_coul_long_dielectric,444.904,13.337364,1
MolPairStyle_lj_long_coul_off,131.87,7.02517,1
MolPairStyle_lj_long_cut_coul_long,135.294,7.081003,1
MolPairStyle_lj_long_cut_dipole_long,123.834,6.959903,1
MolPairStyle_lj_long_cut_tip4p_long,139.863,7.181792,1
MolPairStyle_lj_long_dipole_long,126.508,7.045686,1
MolPairStyle_lj_long_tip4p_long,320.461,10.845886,1
MolPairStyle_lj_mdf,125.211,6.912178,1
MolPairStyle_lj_pirani,131.983,7.121499,1
MolPairStyle_lj_sf_dipole_sf,126.406,6.951087,1
MolPairStyle_lj_smooth,128.495,6.979952,1
MolPairStyle_lj_smooth_linear,129.07,6.990148,1
MolPairStyle_lj_spica,131.33,7.030305,1
MolPairStyle_lj_spica_coul_long,126.809,7.008233,1
MolPairStyle_lj_spica_coul_msm,134.677,7.500269,1
MolPairStyle_lj_spica_coul_msm_table,142.471,7.563918,1
MolPairStyle_lj_spica_coul_table,122.007,7.200709,1
MolPairStyle_lj_switch3_coulgauss_long,120.086,6.825814,1
MolPairStyle_lj_switch3_coulgauss_table,131.962,7.063694,1
MolPairStyle_lj_table_coul_long,130.295,7.374779,1
MolPairStyle_lj_table_coul_off,130.664,7.391565,1
MolPairStyle_lj_table_coul_table,161.413,7.823472,1
MolPairStyle_lj_table_tip4p_long,372.625,11.806171,1
MolPairStyle_lj_table_tip4p_table,386.102,12.250965,1
MolPairStyle_mie_cut,123.69,6.924286,1
MolPairStyle_mm3_switch3_coulgauss_long,125.655,6.925821,1
MolPairStyle_mm3_switch3_coulgauss_table,131.638,7.043397,1
MolPairStyle_morse,132.565,7.064112,1
MolPairStyle_morse_smooth_linear,132.053,7.047432,1
MolPairStyle_morse_soft,115.584,6.792786,1
MolPairStyle_nm_cut,131.627,6.985322,1
MolPairStyle_nm_cut_coul_cut,131.357,7.011895,1
MolPairStyle_nm_cut_coul_long,126.734,7.007449,1
MolPairStyle_nm_cut_coul_table,121.339,7.191898,1
MolPairStyle_nm_cut_split,121.006,6.847456,1
MolPairStyle_python_hybrid,123.712,6.951227,1
MolPairStyle_python_lj,125.849,6.90496,1
MolPairStyle_soft,126.482,6.955652,1
MolPairStyle_table,560.811,15.546804,1
MolPairStyle_tip4p_cut,126.424,6.954578,1
MolPairStyle_tip4p_long,126.347,6.902348,1
MolPairStyle_tip4p_long_soft,128.034,7.020089,1
MolPairStyle_tip4p_table,127.23,6.95897,1
MolPairStyle_ufm,132.368,7.026637,1
MolPairStyle_wf_cut,121.187,6.914536,1
MolPairStyle_yukawa,123.057,6.840324,1
MolPairStyle_zbl,121.228,6.893119,1
MolPairStyle_zero,125.993,6.928632,1
MoleculeFile,122.762,6.899584,1
NeighborClass,257.499,9.751108,1
PairUnitConvert,156.733,7.749375,1
Platform,68.686,6.272257,1
PotentialFileReader,123.267,6.889967,1
PythonCapabilities,134.759,7.078055,1
PythonCmdWrapper,125.701,6.928881,1
PythonCommands,136.071,7.471677,1
PythonFixExternal,125.929,6.972811,1
PythonFormats,118.075,6.801508,1
PythonNumpy,130.375,7.384784,1
PythonOpen,117.822,6.816792,1
PythonPackage,122.27,7.312878,1
PythonPizza,120.589,6.889977,1
PythonScatterGather,134.866,7.107565,1
Regions,114.217,6.759549,1
ResetAtoms,125.935,6.926239,1
RunCoupleSimpleC,117.01,6.779944,1
RunCoupleSimpleCC,123.423,6.962834,1
RunCoupleSimpleF90,112.007,6.73053,1
RunCoupleSimplePlugin,115.485,6.758193,1
SetProperty,111.36,6.71002,1
SimpleCommands,124.345,6.892443,1
TestPairList,112.005,6.702945,1
TextFileReader,111.718,6.685324,1
Tokenizer,43.64,5.863518,1
Utils,46.126,5.973433,1
Variables,120.406,6.845494,1
